id,created_at,value,description,category_id,payment_id,date,type
3,2025-01-05 18:59:35.000000+00,16.0,Investimentos,8,2,2025-01-05,INCOME
4,2025-01-06 12:17:50.000000+00,775.63,Freelance,7,3,2025-01-06,INCOME
5,2025-01-09 08:27:36.000000+00,93.94,,3,3,2025-01-09,EXPENSE
6,2025-01-10 10:13:29.000000+00,206.03,Investimentos,8,3,2025-01-10,INCOME
7,2025-01-14 19:11:49.000000+00,2497.36,Aluguel,1,1,2025-01-14,EXPENSE
8,2025-01-15 14:22:20.000000+00,116.89,,3,1,2025-01-15,EXPENSE
9,2025-01-15 19:17:33.000000+00,1307.94,Aluguel,1,2,2025-01-15,EXPENSE
10,2025-01-16 20:26:37.000000+00,280.42,,5,1,2025-01-16,EXPENSE
11,2025-01-17 15:45:46.000000+00,62.01,,4,2,2025-01-17,EXPENSE
12,2025-01-19 20:39:24.000000+00,82.69,Investimentos,8,3,2025-01-19,INCOME
13,2025-01-20 10:25:24.000000+00,52.99,Transporte,4,3,2025-01-20,EXPENSE
14,2025-01-20 10:22:23.000000+00,1832.27,Aluguel,1,2,2025-01-20,EXPENSE
15,2025-01-23 12:01:07.000000+00,84.47,Supermercado,2,2,2025-01-23,EXPENSE
16,2025-01-24 12:27:42.000000+00,30.82,,4,2,2025-01-24,EXPENSE
17,2025-01-24 17:07:48.000000+00,44.12,Restaurante,3,2,2025-01-24,EXPENSE
18,2025-01-25 17:34:37.000000+00,4811.55,Salário,6,1,2025-01-25,INCOME
19,2025-01-25 17:12:32.000000+00,1173.98,,1,3,2025-01-25,EXPENSE
20,2025-01-28 11:50:48.000000+00,108.69,Lazer,5,2,2025-01-28,EXPENSE
21,2025-01-29 18:53:31.000000+00,304.62,,2,2,2025-01-29,EXPENSE
22,2025-01-31 09:28:54.000000+00,38.61,Lazer,5,1,2025-01-31,EXPENSE
23,2025-02-01 09:15:14.000000+00,752.43,Freelance,7,3,2025-02-01,INCOME
24,2025-02-01 10:54:53.000000+00,303.18,Freelance,7,3,2025-02-01,INCOME
25,2025-02-02 13:20:56.000000+00,1144.2,Aluguel,1,3,2025-02-02,EXPENSE
26,2025-02-05 14:34:32.000000+00,94.22,Supermercado,2,3,2025-02-05,EXPENSE
27,2025-02-09 15:20:06.000000+00,2040.29,,1,3,2025-02-09,EXPENSE
28,2025-02-10 16:17:05.000000+00,123.09,Lazer,5,1,2025-02-10,EXPENSE
29,2025-02-10 15:59:22.000000+00,281.18,Lazer,5,1,2025-02-10,EXPENSE
30,2025-02-10 16:08:56.000000+00,50.29,Lazer,5,1,2025-02-10,EXPENSE
31,2025-02-11 19:16:33.000000+00,97.28,,3,1,2025-02-11,EXPENSE
32,2025-02-11 15:40:23.000000+00,1618.39,,1,2,2025-02-11,EXPENSE
33,2025-02-11 08:20:00.000000+00,84.63,Restaurante,3,3,2025-02-11,EXPENSE
34,2025-02-13 16:25:19.000000+00,60.67,Transporte,4,2,2025-02-13,EXPENSE
35,2025-02-14 14:03:21.000000+00,1513.2,,1,2,2025-02-14,EXPENSE
36,2025-02-15 14:26:37.000000+00,89.01,,3,3,2025-02-15,EXPENSE
37,2025-02-15 13:47:43.000000+00,296.39,,2,2,2025-02-15,EXPENSE
38,2025-02-18 16:24:56.000000+00,1503.78,,1,2,2025-02-18,EXPENSE
39,2025-02-20 10:42:19.000000+00,388.21,Supermercado,2,1,2025-02-20,EXPENSE
40,2025-02-21 18:00:40.000000+00,918.41,Freelance,7,2,2025-02-21,INCOME
41,2025-02-22 18:59:13.000000+00,125.51,Restaurante,3,3,2025-02-22,EXPENSE
42,2025-02-22 08:13:46.000000+00,65.67,Lazer,5,2,2025-02-22,EXPENSE
43,2025-02-23 12:49:19.000000+00,250.34,Supermercado,2,1,2025-02-23,EXPENSE
44,2025-02-24 14:35:20.000000+00,749.63,Freelance,7,3,2025-02-24,INCOME
45,2025-02-24 10:26:02.000000+00,740.35,,7,1,2025-02-24,INCOME
46,2025-02-26 08:35:47.000000+00,125.3,Supermercado,2,3,2025-02-26,EXPENSE
47,2025-02-26 16:20:59.000000+00,2133.22,Aluguel,1,2,2025-02-26,EXPENSE
48,2025-02-27 20:00:20.000000+00,183.37,,2,2,2025-02-27,EXPENSE
49,2025-02-27 18:34:32.000000+00,138.89,Restaurante,3,1,2025-02-27,EXPENSE
50,2025-03-01 09:25:07.000000+00,327.17,Supermercado,2,2,2025-03-01,EXPENSE
51,2025-03-02 19:48:39.000000+00,74.5,Transporte,4,3,2025-03-02,EXPENSE
52,2025-03-04 16:40:13.000000+00,64.28,Restaurante,3,3,2025-03-04,EXPENSE
53,2025-03-05 13:27:13.000000+00,67.66,Restaurante,3,1,2025-03-05,EXPENSE
54,2025-03-05 14:44:52.000000+00,1974.16,Aluguel,1,3,2025-03-05,EXPENSE
55,2025-03-06 16:52:50.000000+00,346.08,Supermercado,2,2,2025-03-06,EXPENSE
56,2025-03-09 11:58:25.000000+00,83.5,Supermercado,2,2,2025-03-09,EXPENSE
57,2025-03-11 14:39:37.000000+00,47.95,Restaurante,3,3,2025-03-11,EXPENSE
58,2025-03-12 20:27:37.000000+00,283.79,Supermercado,2,3,2025-03-12,EXPENSE
59,2025-03-13 17:54:15.000000+00,292.0,Supermercado,2,1,2025-03-13,EXPENSE
60,2025-03-14 18:47:44.000000+00,44.68,Lazer,5,3,2025-03-14,EXPENSE
61,2025-03-15 12:40:54.000000+00,162.48,,8,2,2025-03-15,INCOME
62,2025-03-15 15:56:57.000000+00,221.57,Lazer,5,2,2025-03-15,EXPENSE
63,2025-03-18 11:55:54.000000+00,85.93,Transporte,4,1,2025-03-18,EXPENSE
64,2025-03-18 17:47:44.000000+00,102.01,,3,2,2025-03-18,EXPENSE
65,2025-03-23 09:42:22.000000+00,96.65,Lazer,5,3,2025-03-23,EXPENSE
66,2025-03-23 18:44:32.000000+00,24.51,,4,1,2025-03-23,EXPENSE
67,2025-03-24 09:21:07.000000+00,50.93,Transporte,4,1,2025-03-24,EXPENSE
68,2025-03-26 17:39:28.000000+00,2471.84,Aluguel,1,2,2025-03-26,EXPENSE
69,2025-03-26 20:42:26.000000+00,83.2,Transporte,4,3,2025-03-26,EXPENSE
70,2025-03-27 18:25:21.000000+00,105.34,,3,3,2025-03-27,EXPENSE
71,2025-03-28 13:39:51.000000+00,58.12,Lazer,5,1,2025-03-28,EXPENSE
72,2025-03-29 15:59:04.000000+00,196.42,Lazer,5,2,2025-03-29,EXPENSE
73,2025-04-02 12:36:39.000000+00,4137.69,Salário,6,2,2025-04-02,INCOME
74,2025-04-02 19:34:50.000000+00,2017.36,,1,1,2025-04-02,EXPENSE
75,2025-04-04 13:45:04.000000+00,2046.63,Aluguel,1,2,2025-04-04,EXPENSE
76,2025-04-05 09:41:54.000000+00,95.49,Transporte,4,1,2025-04-05,EXPENSE
77,2025-04-05 20:19:59.000000+00,1378.77,Aluguel,1,1,2025-04-05,EXPENSE
78,2025-04-05 17:26:16.000000+00,142.78,Supermercado,2,2,2025-04-05,EXPENSE
79,2025-04-06 18:26:51.000000+00,234.06,,5,1,2025-04-06,EXPENSE
80,2025-04-06 10:01:53.000000+00,86.45,Restaurante,3,2,2025-04-06,EXPENSE
81,2025-04-07 12:10:49.000000+00,392.38,,2,2,2025-04-07,EXPENSE
82,2025-04-08 10:27:23.000000+00,5618.01,,6,2,2025-04-08,INCOME
83,2025-04-10 17:40:02.000000+00,1772.58,Aluguel,1,1,2025-04-10,EXPENSE
84,2025-04-11 17:09:35.000000+00,60.67,Lazer,5,2,2025-04-11,EXPENSE
85,2025-04-12 17:10:55.000000+00,147.64,Restaurante,3,3,2025-04-12,EXPENSE
86,2025-04-12 12:41:04.000000+00,175.15,Supermercado,2,3,2025-04-12,EXPENSE
87,2025-04-13 15:36:09.000000+00,1553.17,Aluguel,1,3,2025-04-13,EXPENSE
88,2025-04-13 12:07:56.000000+00,56.68,,4,3,2025-04-13,EXPENSE
89,2025-04-14 12:51:34.000000+00,188.66,Lazer,5,1,2025-04-14,EXPENSE
90,2025-04-14 09:47:02.000000+00,5269.71,Salário,6,1,2025-04-14,INCOME
91,2025-04-15 18:03:10.000000+00,57.27,Transporte,4,2,2025-04-15,EXPENSE
92,2025-04-18 12:31:42.000000+00,53.26,Lazer,5,3,2025-04-18,EXPENSE
93,2025-04-20 20:04:47.000000+00,90.65,Supermercado,2,3,2025-04-20,EXPENSE
94,2025-04-22 19:49:51.000000+00,491.49,Freelance,7,1,2025-04-22,INCOME
95,2025-04-22 20:00:52.000000+00,147.95,Supermercado,2,2,2025-04-22,EXPENSE
96,2025-04-22 08:58:20.000000+00,40.71,,4,1,2025-04-22,EXPENSE
97,2025-04-23 16:03:52.000000+00,144.57,Lazer,5,2,2025-04-23,EXPENSE
98,2025-04-24 10:14:32.000000+00,78.78,Transporte,4,2,2025-04-24,EXPENSE
99,2025-04-25 12:14:34.000000+00,84.31,Restaurante,3,1,2025-04-25,EXPENSE
100,2025-04-26 19:33:14.000000+00,49.86,Lazer,5,2,2025-04-26,EXPENSE
101,2025-04-28 20:51:39.000000+00,52.04,Lazer,5,1,2025-04-28,EXPENSE
102,2025-04-29 08:56:50.000000+00,151.78,Investimentos,8,3,2025-04-29,INCOME
103,2025-04-29 15:46:04.000000+00,283.23,Lazer,5,1,2025-04-29,EXPENSE
104,2025-04-30 11:26:19.000000+00,221.61,,2,2,2025-04-30,EXPENSE
105,2025-05-01 17:19:33.000000+00,203.73,,5,2,2025-05-01,EXPENSE
106,2025-05-01 10:33:17.000000+00,560.51,,7,2,2025-05-01,INCOME
107,2025-05-03 17:45:23.000000+00,165.62,,5,1,2025-05-03,EXPENSE
108,2025-05-08 08:19:20.000000+00,131.81,Lazer,5,2,2025-05-08,EXPENSE
109,2025-05-09 18:06:46.000000+00,24.3,,4,2,2025-05-09,EXPENSE
110,2025-05-09 11:58:00.000000+00,63.6,Restaurante,3,3,2025-05-09,EXPENSE
111,2025-05-10 20:52:09.000000+00,208.41,,5,2,2025-05-10,EXPENSE
112,2025-05-10 14:13:43.000000+00,1985.81,Aluguel,1,3,2025-05-10,EXPENSE
113,2025-05-11 15:07:28.000000+00,400.94,Investimentos,8,2,2025-05-11,INCOME
114,2025-05-13 18:34:15.000000+00,233.3,,2,1,2025-05-13,EXPENSE
115,2025-05-14 09:36:36.000000+00,73.64,Supermercado,2,2,2025-05-14,EXPENSE
116,2025-05-16 10:27:19.000000+00,216.62,,2,1,2025-05-16,EXPENSE
117,2025-05-16 18:36:53.000000+00,313.68,,2,1,2025-05-16,EXPENSE
118,2025-05-18 20:27:57.000000+00,244.59,,2,1,2025-05-18,EXPENSE
119,2025-05-18 17:44:55.000000+00,96.1,Transporte,4,2,2025-05-18,EXPENSE
120,2025-05-19 09:16:36.000000+00,60.57,,4,1,2025-05-19,EXPENSE
121,2025-05-20 14:57:53.000000+00,379.97,Supermercado,2,1,2025-05-20,EXPENSE
122,2025-05-21 20:34:46.000000+00,79.93,,2,1,2025-05-21,EXPENSE
123,2025-05-21 11:03:04.000000+00,70.26,Restaurante,3,1,2025-05-21,EXPENSE
124,2025-05-22 10:38:33.000000+00,62.63,Transporte,4,3,2025-05-22,EXPENSE
125,2025-05-22 19:31:50.000000+00,253.86,Supermercado,2,1,2025-05-22,EXPENSE
126,2025-05-23 20:53:02.000000+00,24.63,Restaurante,3,2,2025-05-23,EXPENSE
127,2025-05-25 11:53:40.000000+00,325.61,Supermercado,2,3,2025-05-25,EXPENSE
128,2025-05-25 12:53:01.000000+00,43.85,,4,2,2025-05-25,EXPENSE
129,2025-05-26 16:12:37.000000+00,27.35,Transporte,4,2,2025-05-26,EXPENSE
130,2025-05-26 15:41:10.000000+00,31.52,Transporte,4,3,2025-05-26,EXPENSE
131,2025-05-27 15:46:11.000000+00,37.01,,5,2,2025-05-27,EXPENSE
132,2025-05-27 18:42:30.000000+00,271.99,,2,2,2025-05-27,EXPENSE
133,2025-05-28 20:09:18.000000+00,71.39,Restaurante,3,3,2025-05-28,EXPENSE
134,2025-05-30 13:47:34.000000+00,2284.44,Aluguel,1,2,2025-05-30,EXPENSE
135,2025-05-31 16:27:39.000000+00,3228.62,Salário,6,1,2025-05-31,INCOME
136,2025-05-31 17:14:29.000000+00,15.62,Transporte,4,3,2025-05-31,EXPENSE
137,2025-06-01 09:52:24.000000+00,3792.49,Salário,6,3,2025-06-01,INCOME
138,2025-06-01 20:04:03.000000+00,62.51,,4,2,2025-06-01,EXPENSE
139,2025-06-03 16:58:03.000000+00,196.63,,5,2,2025-06-03,EXPENSE
140,2025-06-04 19:08:46.000000+00,1594.09,Aluguel,1,3,2025-06-04,EXPENSE
141,2025-06-05 17:27:16.000000+00,388.27,Supermercado,2,1,2025-06-05,EXPENSE
142,2025-06-06 12:46:05.000000+00,132.44,Lazer,5,1,2025-06-06,EXPENSE
143,2025-06-06 11:36:09.000000+00,5099.07,Salário,6,3,2025-06-06,INCOME
144,2025-06-07 14:56:39.000000+00,218.92,Lazer,5,3,2025-06-07,EXPENSE
145,2025-06-08 15:06:20.000000+00,164.7,Supermercado,2,3,2025-06-08,EXPENSE
146,2025-06-08 09:28:37.000000+00,265.93,Investimentos,8,3,2025-06-08,INCOME
147,2025-06-09 08:23:51.000000+00,32.17,,3,3,2025-06-09,EXPENSE
148,2025-06-11 13:05:53.000000+00,229.1,Lazer,5,1,2025-06-11,EXPENSE
149,2025-06-12 10:20:18.000000+00,71.48,,4,1,2025-06-12,EXPENSE
150,2025-06-12 19:36:53.000000+00,227.05,Freelance,7,1,2025-06-12,INCOME
151,2025-06-15 20:31:58.000000+00,207.59,Supermercado,2,2,2025-06-15,EXPENSE
152,2025-06-16 17:48:30.000000+00,192.71,,2,2,2025-06-16,EXPENSE
153,2025-06-17 18:16:21.000000+00,1985.31,Aluguel,1,3,2025-06-17,EXPENSE
154,2025-06-18 20:50:48.000000+00,381.63,Investimentos,8,3,2025-06-18,INCOME
155,2025-06-21 15:21:02.000000+00,201.32,,5,3,2025-06-21,EXPENSE
156,2025-06-21 19:47:16.000000+00,37.86,Transporte,4,2,2025-06-21,EXPENSE
157,2025-06-24 13:57:02.000000+00,99.95,,4,1,2025-06-24,EXPENSE
158,2025-06-24 11:40:00.000000+00,104.87,Investimentos,8,2,2025-06-24,INCOME
159,2025-06-25 10:52:48.000000+00,112.96,,5,1,2025-06-25,EXPENSE
160,2025-06-25 16:00:30.000000+00,85.36,Transporte,4,1,2025-06-25,EXPENSE
161,2025-06-27 18:24:19.000000+00,228.58,Supermercado,2,1,2025-06-27,EXPENSE
162,2025-06-28 08:58:53.000000+00,372.22,,2,3,2025-06-28,EXPENSE
163,2025-07-01 18:48:40.000000+00,112.15,Supermercado,2,3,2025-07-01,EXPENSE
164,2025-07-03 14:10:17.000000+00,704.24,Freelance,7,1,2025-07-03,INCOME
165,2025-07-03 11:12:47.000000+00,1704.48,Aluguel,1,3,2025-07-03,EXPENSE
166,2025-07-03 09:32:37.000000+00,41.06,Restaurante,3,3,2025-07-03,EXPENSE
167,2025-07-05 09:35:45.000000+00,246.2,Investimentos,8,3,2025-07-05,INCOME
168,2025-07-05 12:40:48.000000+00,449.58,Freelance,7,1,2025-07-05,INCOME
169,2025-07-06 16:02:25.000000+00,328.93,,8,1,2025-07-06,INCOME
170,2025-07-07 11:59:27.000000+00,1952.7,,1,3,2025-07-07,EXPENSE
171,2025-07-08 11:55:28.000000+00,1695.47,Aluguel,1,2,2025-07-08,EXPENSE
172,2025-07-10 19:44:39.000000+00,115.89,Restaurante,3,2,2025-07-10,EXPENSE
173,2025-07-10 09:32:05.000000+00,84.9,Transporte,4,1,2025-07-10,EXPENSE
174,2025-07-11 13:54:52.000000+00,265.89,Supermercado,2,3,2025-07-11,EXPENSE
175,2025-07-12 16:10:03.000000+00,20.8,Restaurante,3,3,2025-07-12,EXPENSE
176,2025-07-15 18:40:03.000000+00,61.23,Transporte,4,2,2025-07-15,EXPENSE
177,2025-07-16 11:13:13.000000+00,853.41,Freelance,7,2,2025-07-16,INCOME
178,2025-07-16 14:18:27.000000+00,1739.68,Aluguel,1,3,2025-07-16,EXPENSE
179,2025-07-17 08:45:50.000000+00,109.67,Lazer,5,2,2025-07-17,EXPENSE
180,2025-07-17 19:31:17.000000+00,23.36,Transporte,4,2,2025-07-17,EXPENSE
181,2025-07-20 19:48:00.000000+00,274.75,,5,3,2025-07-20,EXPENSE
182,2025-07-21 14:13:05.000000+00,85.1,Transporte,4,3,2025-07-21,EXPENSE
183,2025-07-22 19:16:58.000000+00,1176.47,,1,2,2025-07-22,EXPENSE
184,2025-07-24 11:32:10.000000+00,2187.59,Aluguel,1,2,2025-07-24,EXPENSE
185,2025-07-25 19:39:51.000000+00,399.99,Supermercado,2,2,2025-07-25,EXPENSE
186,2025-07-28 15:50:50.000000+00,4933.85,Salário,6,1,2025-07-28,INCOME
187,2025-07-29 10:34:58.000000+00,107.12,Restaurante,3,1,2025-07-29,EXPENSE
188,2025-07-30 19:47:46.000000+00,92.97,Transporte,4,2,2025-07-30,EXPENSE
189,2025-07-31 13:26:51.000000+00,4183.42,,6,1,2025-07-31,INCOME
190,2025-08-03 11:02:20.000000+00,269.03,,5,3,2025-08-03,EXPENSE
191,2025-08-03 10:23:31.000000+00,170.38,Supermercado,2,1,2025-08-03,EXPENSE
192,2025-08-03 13:10:24.000000+00,1665.88,,1,2,2025-08-03,EXPENSE
193,2025-08-04 09:53:03.000000+00,366.92,,2,1,2025-08-04,EXPENSE
194,2025-08-06 19:36:40.000000+00,326.67,Supermercado,2,2,2025-08-06,EXPENSE
195,2025-08-07 17:05:02.000000+00,110.1,,3,1,2025-08-07,EXPENSE
196,2025-08-07 17:25:02.000000+00,279.94,Supermercado,2,3,2025-08-07,EXPENSE
197,2025-08-09 12:19:37.000000+00,1208.47,Aluguel,1,1,2025-08-09,EXPENSE
198,2025-08-11 14:04:09.000000+00,2462.67,Aluguel,1,2,2025-08-11,EXPENSE
199,2025-08-11 14:41:16.000000+00,1152.16,Aluguel,1,1,2025-08-11,EXPENSE
200,2025-08-14 14:07:58.000000+00,122.08,,3,1,2025-08-14,EXPENSE
201,2025-08-15 16:55:22.000000+00,605.78,Freelance,7,3,2025-08-15,INCOME
202,2025-08-15 14:49:48.000000+00,80.22,Lazer,5,1,2025-08-15,EXPENSE
203,2025-08-20 12:16:39.000000+00,67.69,Transporte,4,2,2025-08-20,EXPENSE
204,2025-08-24 14:15:34.000000+00,5900.99,Salário,6,1,2025-08-24,INCOME
205,2025-08-25 19:27:27.000000+00,68.03,Transporte,4,2,2025-08-25,EXPENSE
206,2025-08-26 11:14:01.000000+00,1525.81,Aluguel,1,1,2025-08-26,EXPENSE
207,2025-08-27 14:52:34.000000+00,417.2,Investimentos,8,1,2025-08-27,INCOME
208,2025-08-30 12:46:39.000000+00,352.49,,2,1,2025-08-30,EXPENSE
209,2025-09-01 15:45:23.000000+00,37.32,,4,3,2025-09-01,EXPENSE
210,2025-09-01 16:32:57.000000+00,82.04,,4,2,2025-09-01,EXPENSE
211,2025-09-01 15:12:57.000000+00,1171.76,Aluguel,1,1,2025-09-01,EXPENSE
212,2025-09-03 14:04:45.000000+00,1696.66,,1,2,2025-09-03,EXPENSE
213,2025-09-03 16:54:12.000000+00,84.48,Transporte,4,1,2025-09-03,EXPENSE
214,2025-09-04 16:59:03.000000+00,66.2,,4,1,2025-09-04,EXPENSE
215,2025-09-05 20:21:20.000000+00,31.97,Transporte,4,1,2025-09-05,EXPENSE
216,2025-09-06 20:48:58.000000+00,94.82,Lazer,5,2,2025-09-06,EXPENSE
217,2025-09-06 16:06:56.000000+00,16.74,Investimentos,8,1,2025-09-06,INCOME
218,2025-09-07 09:35:40.000000+00,2472.54,Aluguel,1,2,2025-09-07,EXPENSE
219,2025-09-08 14:30:20.000000+00,1359.6,Aluguel,1,3,2025-09-08,EXPENSE
220,2025-09-10 10:24:53.000000+00,3730.84,,6,1,2025-09-10,INCOME
221,2025-09-11 15:09:38.000000+00,905.74,Freelance,7,3,2025-09-11,INCOME
222,2025-09-12 17:38:56.000000+00,1912.55,,1,2,2025-09-12,EXPENSE
223,2025-09-14 10:37:38.000000+00,70.14,,4,3,2025-09-14,EXPENSE
224,2025-09-14 18:36:33.000000+00,32.03,Transporte,4,1,2025-09-14,EXPENSE
225,2025-09-14 09:27:41.000000+00,1805.49,Aluguel,1,2,2025-09-14,EXPENSE
226,2025-09-15 12:17:22.000000+00,43.21,Restaurante,3,2,2025-09-15,EXPENSE
227,2025-09-18 08:21:17.000000+00,33.46,,3,2,2025-09-18,EXPENSE
228,2025-09-20 10:17:03.000000+00,2278.25,,1,3,2025-09-20,EXPENSE
229,2025-09-20 15:40:47.000000+00,121.97,Restaurante,3,3,2025-09-20,EXPENSE
230,2025-09-20 12:00:30.000000+00,1359.37,,1,3,2025-09-20,EXPENSE
231,2025-09-21 09:28:54.000000+00,58.56,Restaurante,3,2,2025-09-21,EXPENSE
232,2025-09-22 14:01:52.000000+00,156.7,Supermercado,2,1,2025-09-22,EXPENSE
233,2025-09-22 17:56:49.000000+00,61.13,Transporte,4,1,2025-09-22,EXPENSE
234,2025-09-23 16:16:08.000000+00,194.14,Lazer,5,1,2025-09-23,EXPENSE
235,2025-09-24 08:59:41.000000+00,123.15,Restaurante,3,2,2025-09-24,EXPENSE
236,2025-09-25 19:41:03.000000+00,273.5,,5,2,2025-09-25,EXPENSE
237,2025-09-26 15:50:33.000000+00,133.25,Supermercado,2,1,2025-09-26,EXPENSE
238,2025-09-26 12:01:01.000000+00,102.52,Restaurante,3,1,2025-09-26,EXPENSE
239,2025-09-27 16:22:41.000000+00,1731.75,,1,3,2025-09-27,EXPENSE
240,2025-09-28 09:35:37.000000+00,122.56,Lazer,5,3,2025-09-28,EXPENSE
241,2025-09-29 13:41:58.000000+00,395.86,Investimentos,8,2,2025-09-29,INCOME
242,2025-10-01 08:07:42.000000+00,215.09,Freelance,7,1,2025-10-01,INCOME
243,2025-10-04 19:41:13.000000+00,32.67,Transporte,4,3,2025-10-04,EXPENSE
244,2025-10-05 08:41:17.000000+00,964.87,,7,3,2025-10-05,INCOME
245,2025-10-06 08:13:04.000000+00,4398.11,Salário,6,3,2025-10-06,INCOME
246,2025-10-08 14:46:34.000000+00,24.51,Transporte,4,3,2025-10-08,EXPENSE
247,2025-10-08 10:54:39.000000+00,532.05,Freelance,7,3,2025-10-08,INCOME
248,2025-10-09 08:52:04.000000+00,17.33,Transporte,4,1,2025-10-09,EXPENSE
249,2025-10-11 15:31:01.000000+00,99.28,Restaurante,3,2,2025-10-11,EXPENSE
250,2025-10-11 13:12:51.000000+00,356.16,Supermercado,2,2,2025-10-11,EXPENSE
251,2025-10-14 20:26:18.000000+00,52.7,Supermercado,2,2,2025-10-14,EXPENSE
252,2025-10-15 14:54:01.000000+00,46.66,,4,2,2025-10-15,EXPENSE
253,2025-10-16 20:37:00.000000+00,165.28,Investimentos,8,3,2025-10-16,INCOME
254,2025-10-18 13:41:43.000000+00,70.96,Restaurante,3,2,2025-10-18,EXPENSE
255,2025-10-19 08:12:52.000000+00,1615.38,Aluguel,1,2,2025-10-19,EXPENSE
256,2025-10-22 16:50:15.000000+00,1272.71,Aluguel,1,2,2025-10-22,EXPENSE
257,2025-10-23 14:48:43.000000+00,159.99,Lazer,5,2,2025-10-23,EXPENSE
258,2025-10-24 15:50:46.000000+00,83.76,Transporte,4,1,2025-10-24,EXPENSE
259,2025-10-25 10:33:40.000000+00,246.56,Investimentos,8,2,2025-10-25,INCOME
260,2025-10-26 09:04:31.000000+00,129.14,Lazer,5,1,2025-10-26,EXPENSE
261,2025-10-27 18:09:41.000000+00,2332.49,Aluguel,1,1,2025-10-27,EXPENSE
262,2025-10-27 14:31:07.000000+00,42.78,,5,2,2025-10-27,EXPENSE
263,2025-10-27 20:16:52.000000+00,1708.14,Aluguel,1,1,2025-10-27,EXPENSE
264,2025-10-31 17:44:26.000000+00,31.89,Transporte,4,3,2025-10-31,EXPENSE
265,2025-11-01 11:10:56.000000+00,4545.18,Salário,6,1,2025-11-01,INCOME
266,2025-11-01 08:18:09.000000+00,360.44,Supermercado,2,3,2025-11-01,EXPENSE
267,2025-11-01 08:35:38.000000+00,209.77,Supermercado,2,3,2025-11-01,EXPENSE
268,2025-11-02 15:10:01.000000+00,53.07,,3,3,2025-11-02,EXPENSE
269,2025-11-02 10:31:42.000000+00,257.07,,2,1,2025-11-02,EXPENSE
270,2025-11-02 08:20:24.000000+00,97.64,Lazer,5,3,2025-11-02,EXPENSE
271,2025-11-08 09:42:16.000000+00,227.86,Supermercado,2,3,2025-11-08,EXPENSE
272,2025-11-09 20:19:38.000000+00,136.79,Restaurante,3,1,2025-11-09,EXPENSE
273,2025-11-09 15:58:52.000000+00,497.71,Freelance,7,2,2025-11-09,INCOME
274,2025-11-09 17:12:21.000000+00,245.93,Investimentos,8,1,2025-11-09,INCOME
275,2025-11-10 20:12:54.000000+00,613.93,Freelance,7,3,2025-11-10,INCOME
276,2025-11-11 13:27:30.000000+00,5723.64,Salário,6,2,2025-11-11,INCOME
277,2025-11-12 10:16:05.000000+00,543.46,Freelance,7,2,2025-11-12,INCOME
278,2025-11-15 09:37:06.000000+00,154.11,,2,3,2025-11-15,EXPENSE
279,2025-11-17 13:17:59.000000+00,194.69,Supermercado,2,1,2025-11-17,EXPENSE
280,2025-11-19 17:12:29.000000+00,116.06,,2,1,2025-11-19,EXPENSE
281,2025-11-19 12:08:58.000000+00,1077.9,Aluguel,1,3,2025-11-19,EXPENSE
282,2025-11-20 20:28:36.000000+00,89.55,Lazer,5,2,2025-11-20,EXPENSE
283,2025-11-21 12:39:44.000000+00,1721.94,,1,2,2025-11-21,EXPENSE
284,2025-11-24 15:46:52.000000+00,117.97,Investimentos,8,3,2025-11-24,INCOME
285,2025-11-25 16:41:48.000000+00,47.67,,3,1,2025-11-25,EXPENSE
286,2025-11-26 20:51:05.000000+00,746.39,,7,1,2025-11-26,INCOME
287,2025-11-26 09:41:40.000000+00,65.16,Lazer,5,3,2025-11-26,EXPENSE
288,2025-11-26 13:48:40.000000+00,4220.66,Salário,6,2,2025-11-26,INCOME
289,2025-11-28 17:52:43.000000+00,314.15,,2,2,2025-11-28,EXPENSE
290,2025-11-30 08:12:51.000000+00,116.11,Lazer,5,2,2025-11-30,EXPENSE
291,2025-12-03 14:05:53.000000+00,73.84,Lazer,5,1,2025-12-03,EXPENSE
292,2025-12-03 10:19:52.000000+00,63.81,,4,2,2025-12-03,EXPENSE
293,2025-12-05 18:21:10.000000+00,3778.79,Salário,6,3,2025-12-05,INCOME
294,2025-12-09 17:11:34.000000+00,53.95,Transporte,4,3,2025-12-09,EXPENSE
295,2025-12-12 08:15:10.000000+00,74.67,Restaurante,3,3,2025-12-12,EXPENSE
296,2025-12-14 17:27:03.000000+00,1125.45,,1,2,2025-12-14,EXPENSE
297,2025-12-14 20:52:47.000000+00,223.8,Lazer,5,3,2025-12-14,EXPENSE
298,2025-12-15 13:12:40.000000+00,125.72,Lazer,5,2,2025-12-15,EXPENSE
299,2025-12-16 14:54:31.000000+00,620.13,Freelance,7,2,2025-12-16,INCOME
300,2025-12-16 11:29:16.000000+00,3776.92,Salário,6,3,2025-12-16,INCOME
301,2025-12-21 09:11:32.000000+00,246.28,Lazer,5,1,2025-12-21,EXPENSE
302,2025-12-21 16:29:39.000000+00,287.89,,8,3,2025-12-21,INCOME
303,2025-12-23 17:04:04.000000+00,841.15,,7,2,2025-12-23,INCOME
304,2025-12-24 18:11:04.000000+00,10.97,Transporte,4,3,2025-12-24,EXPENSE
305,2025-12-25 17:11:04.000000+00,138.4,,2,3,2025-12-25,EXPENSE
306,2025-12-26 12:12:10.000000+00,49.61,Lazer,5,2,2025-12-26,EXPENSE
307,2025-12-28 14:58:10.000000+00,173.29,Lazer,5,3,2025-12-28,EXPENSE
308,2025-12-29 17:49:52.000000+00,36.33,Lazer,5,1,2025-12-29,EXPENSE
309,2025-12-30 10:06:25.000000+00,88.67,Restaurante,3,1,2025-12-30,EXPENSE
310,2026-01-01 20:15:08.000000+00,272.76,Investimentos,8,1,2026-01-01,INCOME
311,2026-01-01 16:48:56.000000+00,57.92,,4,3,2026-01-01,EXPENSE
312,2026-01-02 08:44:35.000000+00,995.87,,7,2,2026-01-02,INCOME
313,2026-01-03 19:57:52.000000+00,67.65,Lazer,5,3,2026-01-03,EXPENSE
314,2026-01-07 14:56:15.000000+00,26.12,Restaurante,3,3,2026-01-07,EXPENSE
315,2026-01-07 20:43:11.000000+00,379.76,Supermercado,2,1,2026-01-07,EXPENSE
316,2026-01-08 10:24:38.000000+00,33.53,Transporte,4,2,2026-01-08,EXPENSE
317,2026-01-09 16:08:31.000000+00,380.04,Investimentos,8,1,2026-01-09,INCOME
318,2026-01-12 11:50:14.000000+00,70.98,Restaurante,3,1,2026-01-12,EXPENSE
319,2026-01-13 19:29:03.000000+00,306.28,Investimentos,8,3,2026-01-13,INCOME
320,2026-01-13 20:14:44.000000+00,4824.3,Salário,6,3,2026-01-13,INCOME
321,2026-01-14 11:50:01.000000+00,3392.76,Salário,6,1,2026-01-14,INCOME
322,2026-01-16 09:32:25.000000+00,88.29,Restaurante,3,3,2026-01-16,EXPENSE
323,2026-01-17 17:25:45.000000+00,10.74,,4,1,2026-01-17,EXPENSE
324,2026-01-17 11:54:31.000000+00,10.75,,4,3,2026-01-17,EXPENSE
325,2026-01-18 14:25:50.000000+00,29.54,Transporte,4,3,2026-01-18,EXPENSE
326,2026-01-19 13:25:44.000000+00,65.72,Transporte,4,2,2026-01-19,EXPENSE
327,2026-01-19 11:17:39.000000+00,124.1,Supermercado,2,2,2026-01-19,EXPENSE
328,2026-01-19 10:16:01.000000+00,283.73,Supermercado,2,3,2026-01-19,EXPENSE
329,2026-01-24 20:38:59.000000+00,3163.23,Salário,6,3,2026-01-24,INCOME
330,2026-01-25 18:59:25.000000+00,741.72,Freelance,7,2,2026-01-25,INCOME
331,2026-01-27 19:49:19.000000+00,79.06,Restaurante,3,3,2026-01-27,EXPENSE
332,2026-01-28 16:03:11.000000+00,82.89,Transporte,4,3,2026-01-28,EXPENSE
333,2026-01-29 10:38:03.000000+00,47.38,,4,2,2026-01-29,EXPENSE
334,2026-01-30 14:59:33.000000+00,264.88,Lazer,5,3,2026-01-30,EXPENSE
335,2026-01-31 08:19:40.000000+00,697.4,Freelance,7,3,2026-01-31,INCOME
